compound_id	smiles
id_0	N=C(O)NC(O)C(=O)O
id_1	Nc1ncnc2c1ncn2C1OC(COP(=O)(O)OC(=O)c2cccc(O)c2O)C(O)C1O
id_2	CC1(O)OCC(O)C1(O)O
id_3	CC1(O)OCC(O)C1=O
id_4	CC(C)(COP(=O)(O)OP(=O)(O)OCC1OC(n2cnc3c(N)ncnc32)C(O)C1OP(=O)(O)O)C(O)C(O)=NCCC(O)=NCCSC(=O)CC(O)CCC(=O)O
id_5	CC(C)(O)C(O)C(=O)O
id_6	CCC(C)(O)C(O)C(=O)O
id_7	N=C(N)N=C(O)c1nc(Cl)c(N2CCCCCC2)nc1N
id_8	O=C(O)C(O)CO
id_9	CC(C)(CO)C(O)C(=O)O
id_10	CC(C)(CO)C(O)C(O)=NCCC(=O)O
id_11	CC(O)CO
id_12	CC(O)C(=O)SCC(N=C(O)CCC(N)C(=O)O)C(O)=NCC(=O)O
id_13	CCC(O)(C(C)=O)C(=O)O
id_14	CC(=O)C(C)(O)C(=O)O
id_15	Nc1c(C(O)=NC(CC(=O)O)C(=O)O)ncn1C1OC(COP(=O)(O)O)C(O)C1O
id_16	CC(O)CC(=O)SCCN=C(O)CCN=C(O)C(O)C(C)(C)COP(=O)(O)OP(=O)(O)OCC1OC(n2cnc3c(N)ncnc32)C(O)C1OP(=O)(O)O
id_17	CCCCCCCC(O)CC(=O)SCCN=C(O)CCN=C(O)C(O)C(C)(C)COP(=O)(O)OP(=O)(O)OCC1OC(n2cnc3c(N)ncnc32)C(O)C1OP(=O)(O)O
id_18	CCCCCCCCCC(O)CC(=O)SCCN=C(O)CCN=C(O)C(O)C(C)(C)COP(=O)(O)OP(=O)(O)OCC1OC(n2cnc3c(N)ncnc32)C(O)C1OP(=O)(O)O
id_19	CCCCCCCCCCCCCC(O)CC(=O)SCCN=C(O)CCN=C(O)C(O)C(C)(C)COP(=O)(O)OP(=O)(O)OCC1OC(n2cnc3c(N)ncnc32)C(O)C1OP(=O)(O)O
id_20	CCCC(O)CC(=O)SCCN=C(O)CCN=C(O)C(O)C(C)(C)COP(=O)(O)OP(=O)(O)OCC1OC(n2cnc3c(N)ncnc32)C(O)C1OP(=O)(O)O
id_21	CCCCCCCCCCCCCCCC(O)CC(=O)SCCN=C(O)CCN=C(O)C(O)C(C)(C)COP(=O)(O)OP(=O)(O)OCC1OC(n2cnc3c(N)ncnc32)C(O)C1OP(=O)(O)O
id_22	CCCCCC(O)CC(=O)SCCN=C(O)CCN=C(O)C(O)C(C)(C)COP(=O)(O)OP(=O)(O)OCC1OC(n2cnc3c(N)ncnc32)C(O)C1OP(=O)(O)O
id_23	CCCCCCCCCCCC(O)CC(=O)SCCN=C(O)CCN=C(O)C(O)C(C)(C)COP(=O)(O)OP(=O)(O)OCC1OC(n2cnc3c(N)ncnc32)C(O)C1OP(=O)(O)O
id_24	CCC(C)C(=O)C(=O)O
id_25	O=C(O)C1CC(O)=NC(O)=N1
id_26	CC(C(=O)O)C(=O)SCCN=C(O)CCN=C(O)C(O)C(C)(C)COP(=O)(O)OP(=O)(O)OCC1OC(n2cnc3c(N)ncnc32)C(O)C1OP(=O)(O)O
id_27	CCCCCCCCCCCCCCCC(=O)OCC(COP(=O)(O)O)OC(=O)CCCCCCCCCCCCCCC
id_28	CCCCCCCCCCCCCCCCCC(=O)OCC(COP(=O)(O)O)OC(=O)CCCCCCCCCCCCCCCCC
id_29	CCCCCCCCCCCCCC(=O)OCC(COP(=O)(O)O)OC(=O)CCCCCCCCCCCCC
id_30	O=C(O)c1cc(O)c2ccccc2c1O
id_31	NCCCCCN
id_32	CC(O)=NC1COC(CO)C(O)C1OC(C)C(O)=NC(C)C(O)=NC(CCC(=O)O)C(O)=NC(CCCC(N)C(=O)O)C(O)=NC(C)C(=O)O
id_33	CC(O)=NC1COC(CO)C(O)C1OC(C)C(O)=NC(C)C(O)=NC(CCC(=O)O)C(O)=NC(CCCC(N)C(=O)O)C(=O)O
id_34	O=C(O)c1ccccc1NCC(=O)C(O)C(O)COP(=O)(O)O
id_35	NC(=O)c1ncn(C2OC(COP(=O)(O)O)C(O)C2O)c1N=CNC1OC(COP(=O)(O)O)C(O)C1O
id_36	N=c1c2ncn(C3OC(COP(=O)(O)O)C(O)C3O)c2ncn1C1OC(COP(=O)(O)O)C(O)C1O
id_37	N=c1c2ncn(C3OC(COP(=O)(O)OP(=O)(O)OP(=O)(O)O)C(O)C3O)c2ncn1C1OC(COP(=O)(O)O)C(O)C1O
id_38	O=C(O)C1CCC=N1
id_39	CC(=O)C(O)C(O)COP(=O)(O)O
id_40	CCCCCCCCCCCC(=O)OCC(O)COP(=O)(O)O
id_41	CC(=CCOP(=O)(O)OP(=O)(O)O)CO
id_42	CCCCCCCCCCCCCCCCCC(=O)OCC(O)COP(=O)(O)O
id_43	CCCCCCCCCCCCCC(=O)OCC(O)COP(=O)(O)O
id_44	N=c1nc(O)c2c([nH]1)NCC(CN(C=O)c1ccc(C(=O)NC(CCC(=O)O)C(=O)O)cc1)N2
id_45	O=C(O)C(CO)OC1OC(COP(=O)(O)O)C(O)C(O)C1O
id_46	CCCCCCCCCCCC(O)CC(=O)OC1C(O)C(COC2OC(CO)C(OP(=O)(O)O)C(OC(=O)CC(O)CCCCCCCCCCC)C2N=C(O)CC(O)CCCCCCCCCCC)OC(OP(=O)(O)O)C1N=C(O)CC(O)CCCCCCCCCCC
id_47	O=C(O)C1=NC(C(=O)O)CCC1
id_48	CCCCCCCCCCCC(O)CC(=O)OC1C(O)C(CO)OC(OP(=O)(O)O)C1N=C(O)CC(O)CCCCCCCCCCC
id_49	O=C(O)C1=CC=CC(O)C1O
id_50	O=C(O)C1=NC(C(=O)O)CC=C1
id_51	O=C(O)c1cccc(O)c1O
id_52	CC(C)(COP(=O)(O)OP(=O)(O)OCC1OC(n2cnc3c(N)ncnc32)C(O)C1OP(=O)(O)O)C(O)C(O)=NCCC(O)=NCCSC(=O)C=CCCC(=O)O
id_53	NCC(N)C(=O)O
id_54	O=C(O)C=Cc1cccc(O)c1O
id_55	O=C(O)C(CO)N=C(O)c1cccc(O)c1O
id_56	N=c1nc(O)c(N)c(NC2OC(COP(=O)(O)O)C(O)C2O)[nH]1
id_57	N=C(CN=CO)NC1OC(COP(=O)(O)O)C(O)C1O
id_58	CCCCCCCCCCCC(=O)OC(CO)COP(=O)(O)OCCN
id_59	CCCCCCCCCCCCCC(=O)OC(CO)COP(=O)(O)OCCN
id_60	CCCCCCCCCCCCCCCC(=O)OC(CO)COP(=O)(O)OCCN
id_61	CCCCCCCCCCCCCCCCCC(=O)OC(CO)COP(=O)(O)OCCN
id_62	CCCCCCCCCCCCCC(=O)OC(CO)COP(=O)(O)OCC(O)CO
id_63	CCCCCCCCCCCCCCCC(=O)OC(CO)COP(=O)(O)OCC(O)CO
id_64	CCCCCCCCCCCCCCCCCC(=O)OC(CO)COP(=O)(O)OCC(O)CO
id_65	N=c1nc(O)c2c([nH]1)NCC(C(O)C(O)COP(=O)(O)OP(=O)(O)OP(=O)(O)O)=N2
id_66	NC(C=O)C(=O)O
id_67	CC1(CO)OP(=O)(O)OP(=O)(O)OCC1O
id_68	CC(O)(CO)C(O)COP(=O)(O)O
id_69	O=C(O)C(=O)CC(O)C(O)C(O)COP(=O)(O)O
id_70	O=C(O)C(=O)CC(O)C(O)CO
id_71	O=C(O)C(=O)CC(O)C(O)COP(=O)(O)O
id_72	CC(C)(CO)C(=O)C(=O)O
id_73	CC(C)=CCCC(C)=CCCC(C)=CCCC(C)=CCCC(C)=CCCC(C)=CCCC(C)=CCCC(C)=CCc1cc(O)c2ccccc2c1O
id_74	CC(C)=CCCC(C)=CCCC(C)=CCCC(C)=CCCC(C)=CCCC(C)=CCCC(C)=CCCC(C)=CCC1=CC(=O)c2ccccc2C1=O
id_75	O=P(O)(O)OC1CC(O)C(CO)O1
id_76	O=CCC(O)C(O)COP(=O)(O)O
id_77	O=CC(O)C(=O)O
id_78	O=C(O)CCC(=O)C=CC=C(O)C(=O)O
id_79	CC(C)C(=CC(=O)O)C(=O)O
id_80	Cc1ncc(COP(=O)(O)OP(=O)(O)O)c(=N)[nH]1
id_81	CC(C(=O)O)C(O)(CC(=O)O)C(=O)O
id_82	COc1c(O)c(O)c(C)c(CC=C(C)CCC=C(C)CCC=C(C)CCC=C(C)CCC=C(C)CCC=C(C)CCC=C(C)CCC=C(C)C)c1O
id_83	COc1cc(O)c(C)c(CC=C(C)CCC=C(C)CCC=C(C)CCC=C(C)CCC=C(C)CCC=C(C)CCC=C(C)CCC=C(C)C)c1O
id_84	CC=C(C)CCC=C(C)CCC=C(C)CCC=C(C)CCC=C(C)CCC=C(C)CCC=C(C)CCC=C(C)Cc1cccc(O)c1O
id_85	COc1cc(O)cc(CC=C(C)CCC=C(C)CCC=C(C)CCC=C(C)CCC=C(C)CCC=C(C)CCC=C(C)CCC=C(C)C)c1O
id_86	CC=C(C)CCC=C(C)CCC=C(C)CCC=C(C)CCC=C(C)CCC=C(C)CCC=C(C)CCC=C(C)Cc1cccc(OC)c1O
id_87	CC(C)=CCCC(C)=CCCC(C)=CCCC(C)=CCCC(C)=CCCC(C)=CCCC(C)=CCCC(C)=CCc1ccccc1O
id_88	O=C(O)C(=O)C(O)COP(=O)(O)O
id_89	CCC(=O)C(=O)O
id_90	O=C(O)CCC(=O)C(=O)O
id_91	C=CCC(=O)C(=O)O
id_92	O=C(O)CCC(=O)C1=CC=CC(O)C1C(=O)O
id_93	CCCCCCCCCCCCCCCC(=O)OC(CO)COP(=O)(O)O
id_94	O=C(O)C=CC(=O)C=CC=C(O)C(=O)O
id_95	CCCCCCCCCCCCCCCCCC(=O)OC(CO)COP(=O)(O)O
id_96	CC(C)(COP(=O)(O)OP(=O)(O)OCC1OC(n2cnc3c(N)ncnc32)C(O)C1OP(=O)(O)O)C(O)C(O)=NCCC(O)=NCCSC(=O)C=C1CC=CC=CO1
id_97	CC(CO)(OP(=O)(O)O)C(O)COP(=O)(O)OP(=O)(O)OCC1OC(n2ccc(=N)nc2O)C(O)C1O
id_98	C=C(OC1C=CC(C(=O)CCC(=O)O)C(C(=O)O)C1O)C(=O)O
id_99	N=c1nc(O)c2ncn(C3OC4COP(=O)(O)OC4C3O)c2[nH]1
id_100	Nc1ncnc2c1ncn2C1OC(COP(=O)(O)OS(=O)(=O)O)C(OP(=O)(O)O)C1O
id_101	CC(=O)C(O)COP(=O)(O)O
id_102	O=C(O)CCc1cccc(O)c1O
id_103	O=C(O)CCc1cccc(O)c1
id_104	O=C(O)C(=O)Cc1ccc(O)cc1
id_105	O=C(COP(=O)(O)O)Cc1cnc[nH]1
id_106	NC=CC(=O)O
id_107	CC(C)C(C(=O)O)C(O)C(=O)O
id_108	CC(C)C(O)(CC(=O)O)C(=O)O
id_109	CC(C)C(C(=O)O)C(=O)C(=O)O
id_110	O=C1CC(O)(C(=O)O)CC(O)C1O
id_111	O=C(O)C1=CC(=O)C(O)C(O)C1
id_112	O=C(O)C(=O)CC(O)C(O)C(O)C(O)CO
id_113	O=C(O)C(=O)CC(O)C(O)C(O)C(O)COP(=O)(O)O
id_114	O=C(O)CCO
id_115	CC(C)C(=O)C(=O)O
id_116	CC(C)=CCCC(C)=CCCC(C)=CCCC(C)=CCCC(C)=CCCC(C)=CCCC(C)=CCCC(C)=CCc1cc(C(=O)O)ccc1O
id_117	CC(C)(COP(=O)(O)OP(=O)(O)OCC1OC(n2cnc3c(N)ncnc32)C(O)C1OP(=O)(O)O)C(O)C(O)=NCCC(O)=NCCSC(=O)CC(=O)CCC(=O)O
id_118	CCCCCCCC(=O)CC(=O)SCCN=C(O)CCN=C(O)C(O)C(C)(C)COP(=O)(O)OP(=O)(O)OCC1OC(n2cnc3c(N)ncnc32)C(O)C1OP(=O)(O)O
id_119	CCCCCCCCCC(=O)CC(=O)SCCN=C(O)CCN=C(O)C(O)C(C)(C)COP(=O)(O)OP(=O)(O)OCC1OC(n2cnc3c(N)ncnc32)C(O)C1OP(=O)(O)O
id_120	CCCCCCCCCCCCCC(=O)CC(=O)SCCN=C(O)CCN=C(O)C(O)C(C)(C)COP(=O)(O)OP(=O)(O)OCC1OC(n2cnc3c(N)ncnc32)C(O)C1OP(=O)(O)O
id_121	CCCC(=O)CC(=O)SCCN=C(O)CCN=C(O)C(O)C(C)(C)COP(=O)(O)OP(=O)(O)OCC1OC(n2cnc3c(N)ncnc32)C(O)C1OP(=O)(O)O
id_122	CCCCCCCCCCCCCCCC(=O)CC(=O)SCCN=C(O)CCN=C(O)C(O)C(C)(C)COP(=O)(O)OP(=O)(O)OCC1OC(n2cnc3c(N)ncnc32)C(O)C1OP(=O)(O)O
id_123	CCCCCC(=O)CC(=O)SCCN=C(O)CCN=C(O)C(O)C(C)(C)COP(=O)(O)OP(=O)(O)OCC1OC(n2cnc3c(N)ncnc32)C(O)C1OP(=O)(O)O
id_124	CCCCCCCCCCCC(=O)CC(=O)SCCN=C(O)CCN=C(O)C(O)C(C)(C)COP(=O)(O)OP(=O)(O)OCC1OC(n2cnc3c(N)ncnc32)C(O)C1OP(=O)(O)O
id_125	O=C(O)C(O)COP(=O)(O)O
id_126	O=C(OP(=O)(O)O)C(O)COP(=O)(O)O
id_127	O=C(O)C(=O)COP(=O)(O)O
id_128	O=C(O)C=Cc1cccc(O)c1
id_129	O=C(O)C(O)C(=O)C(O)C(O)COP(=O)(O)O
id_130	CC(C)(COP(=O)(O)OP(=O)(O)OCC1OC(n2cnc3c(N)ncnc32)C(O)C1OP(=O)(O)O)C(O)C(O)=NCCC(O)=NCCSC(=O)CC(=O)CC=CCC(=O)O
id_131	CC(=O)C(=O)C(O)CO
id_132	Nc1c(O)nc(O)nc1NCC(O)C(O)C(O)CO
id_133	CC(O)(CO)C(O)COP(=O)(O)OP(=O)(O)OCC1OC(n2ccc(=N)nc2O)C(O)C1O
id_134	Cc1ncc(COP(=O)(O)O)c(=N)[nH]1
id_135	Nc1ccc(C(=O)O)cc1
id_136	NCCCC=O
id_137	NCCCC(=O)O
id_138	CC(O)CC(=O)C(=O)O
id_139	O=C(O)c1ccc(O)cc1
id_140	CC(C)CC(=O)C(=O)O
id_141	Cc1ncsc1CCOP(=O)(O)O
id_142	O=C(O)C(O)C(O)COP(=O)(O)O
id_143	NC(CC(=O)OP(=O)(O)O)C(=O)O
id_144	C=C(OC1C=C(C(=O)O)C=CC1N)C(=O)O
id_145	CC1OC(n2cnc3c(N)ncnc32)C(O)C1O
id_146	CC(O)C(O)C(O)C=O
id_147	N=c1nc(O)c2c([nH]1)NCC1C[N+](c3ccc(C(O)=NC(CCC(=O)O)C(=O)O)cc3)=CN21
id_148	N=c1nc(O)c2c([nH]1)NCC1CN(c3ccc(C(=O)NC(CCC(=O)O)C(=O)O)cc3)CN21
id_149	N=c1nc(O)c2c([nH]1)NCC(CNc1ccc(C(=O)NC(CCC(=O)O)C(=O)O)cc1)N2
id_150	N=C(O)c1ncn(C2OC(COP(=O)(O)O)C(O)C2O)c1N
id_151	NCC(=O)CCC(=O)O
id_152	Nc1c(O)nc(O)nc1NCC(O)C(O)C(O)COP(=O)(O)O
id_153	Nc1c(O)nc(O)nc1NC1OC(COP(=O)(O)O)C(O)C1O
id_154	O=C(O)C(=O)CC(O)C(O)C(=O)O
id_155	O=C(O)C(O)C(O)C(O)C(=O)CO
id_156	NC(=O)c1ncn(C2OC(COP(=O)(O)O)C(O)C2O)c1N=CO
id_157	N=c1nc(O)c2c([nH]1)NCC(CNc1ccc(C(=O)NC(CCC(=O)O)C(=O)O)cc1)N2C=O
id_158	CN1c2c(O)nc(=N)[nH]c2NCC1CNc1ccc(C(=O)NC(CCC(=O)O)C(=O)O)cc1
id_159	CSCC(O)C(O)C(O)C=O
id_160	CSCC1OC(n2cnc3c(N)ncnc32)C(O)C1O
id_161	C=C(OC1CC(C(=O)O)=CC(OP(=O)(O)O)C1O)C(=O)O
id_162	O=P(O)(O)OCC1OC(OP(=O)(O)OP(=O)(O)O)C(O)C1O
id_163	NC1OC(COP(=O)(O)O)C(O)C1O
id_164	NC(=O)c1ncn(C2OC(COP(=O)(O)O)C(O)C2O)c1NC=NCC(=O)C(O)C(O)COP(=O)(O)O
id_165	Nc1cncn1C1OC(COP(=O)(O)O)C(O)C1O
id_166	Nc1c(C(=O)O)ncn1C1OC(COP(=O)(O)O)C(O)C1O
id_167	O=C(O)Nc1cncn1C1OC(COP(=O)(O)O)C(O)C1O
id_168	Cc1nc2c(O)nc(=O)nc-2n(CC(O)C(O)C(O)CO)c1C
id_169	O=C(O)C(O)C(O)C(O)C(O)COP(=O)(O)O
id_170	N=c1nc(O)c2c([nH]1)NCC(CO)=N2
id_171	N=c1nc(O)c2c([nH]1)NCC(COP(=O)(O)OP(=O)(O)O)=N2
id_172	O=C1OC(COP(=O)(O)O)C(O)C(O)C1O
id_173	CC(N)C(N)CCCCCC(=O)O
id_174	N=c1nc(O)c2c([nH]1)NCC(CNc1ccc(C(=O)NC(CCC(=O)O)C(=O)O)cc1)=N2
id_175	CC(N)C(=O)CCCCCC(=O)O
id_176	Nc1ncnc2c1ncn2C1OC(COP(=O)(O)OP(=O)(O)O)C(O)C1O
id_177	Nc1ncnc2c1ncn2C1OC(COP(=O)(O)OP(=O)(O)OC2OC(C(O)CO)C(O)C(O)C2O)C(O)C1O
id_178	Nc1ncnc2c1ncn2C1OC(COP(=O)(O)OP(=O)(O)OC2OC(CO)C(O)C(O)C2O)C(O)C1O
id_179	Nc1ncnc2c1ncn2C1OC(COP(=O)(O)OP(=O)(O)OCC2OC(O)C(O)C2O)C(O)C1O
id_180	Nc1ncnc2c1ncn2C1OC(COP(=O)(O)O)C(O)C1O
id_181	Nc1ncnc2c1ncn2C1OC(COP(=O)(O)OP(=O)(O)OP(=O)(O)O)C(O)C1O
id_182	CC=O
id_183	CC(=O)O
id_184	CC(=O)CC(=O)O
id_185	CC(=O)CC(=O)SCCN=C(O)CCN=C(O)C(O)C(C)(C)COP(=O)(O)OP(=O)(O)OCC1OC(n2cnc3c(N)ncnc32)C(O)C1OP(=O)(O)O
id_186	CC(=O)CO
id_187	CC(=O)OP(=O)(O)O
id_188	CC(=O)SCCN=C(O)CCN=C(O)C(O)C(C)(C)COP(=O)(O)OP(=O)(O)OCC1OC(n2cnc3c(N)ncnc32)C(O)C1OP(=O)(O)O
id_189	Nc1nc[nH]c2ncnc1-2
id_190	Nc1ncnc2c1ncn2C1OC(CO)C(O)C1O
id_191	Nc1ncnc2c1ncn2C1OC(COP(=O)(O)O)C(OP(=O)(O)O)C1O
id_192	Nc1ncnc2c1ncn2C1OC(COP(=O)(O)OS(=O)(=O)O)C(O)C1O
id_193	CC1=C2N=C(C=C3N=C(C(C)=C4NC(C)(C5N=C1C(C)(CCC(O)=NCC(C)OP(=O)(O)OC1C(CO)OC([n+]6c[nH]c7cc(C)c(C)cc76)C1O)C5CC(=N)O)C(C)(CC(=N)O)C4CCC(=N)O)C(C)(CC(=N)O)C3CCC(=N)O)C(C)(C)C2CCC(=N)O
id_194	N=c1nc(O)c2c([nH]1)NC1OC(COP(=O)(O)OP(=O)(O)OCC3OC(n4cnc5c(N)ncnc54)C(O)C3O)C(S)=C(S)C1N2
id_195	CC(=O)N(O)CCCCC(N=C(O)CC(O)(CC(O)=NC(CCCCN(O)C(C)=O)C(=O)O)C(=O)O)C(=O)O
id_196	N=C(N)NCCCCN
id_197	CC(C)=CCCC(C)=CCCC(C)=CCCC(C)=CCCC(C)=CCCC(C)=CCCC(C)=CCCC(C)=CCOP(=O)(O)OP(=O)(O)O
id_198	N=C(O)NC(NC(=N)O)C(=O)O
id_199	N=C(O)NC1N=C(O)N=C1O
id_200	O=P(O)(O)OCC1OC(O)(CO)C(O)C1O
id_201	O=P(O)(O)OCC1OC(OC2OC(CO)C(O)C(O)C2O)C(O)C(O)C1O
id_202	O=P(O)(O)OC1OC(CO)C(O)C(O)C1O
id_203	O=P(O)(O)OC1OC(CO)C(O)C1O
id_204	O=P(O)(O)OCC1OC(O)C(O)C1O
id_205	NCC=O
id_206	CC(=O)CN
id_207	Nc1ccccc1C(=O)O
id_208	NCCC(=O)O
id_209	O=C(O)O
id_210	O=C(O)CCCCC1SCC2N=C(O)NC21
id_211	CCCC=O
id_212	CCCCS(=O)(=O)O
id_213	CCCC(=O)SCCN=C(O)CCN=C(O)C(O)C(C)(C)COP(=O)(O)OP(=O)(O)OCC1OC(n2cnc3c(N)ncnc32)C(O)C1OP(=O)(O)O
id_214	CCCC(=O)O
id_215	CCCC(=O)SC
id_216	O=P(O)(O)OCC(O)C(O)c1c[nH]c2ccccc12
id_217	Nc1ncnc2c1ncn2C1OC2COP(=O)(O)OC2C1O
id_218	N=c1ccn(C2OC(COP(=O)(O)OP(=O)(O)O)C(O)C2O)c(O)n1
id_219	CCCCCCCCCCCC(=O)OCC(COP(=O)(O)OP(=O)(O)OCC1OC(n2ccc(=N)nc2O)C(O)C1O)OC(=O)CCCCCCCCCCC
id_220	CCCCCCC=CCCCCCCCC(=O)OCC(COP(=O)(O)OP(=O)(O)OCC1OC(n2ccc(=N)nc2O)C(O)C1O)OC(=O)CCCCCCCC=CCCCCCC
id_221	CCCCCCC=CCCCCCCCCCC(=O)OCC(COP(=O)(O)OP(=O)(O)OCC1OC(n2ccc(=N)nc2O)C(O)C1O)OC(=O)CCCCCCCCCC=CCCCCCC
id_222	CCCCCCCCCCCCCCCCCC(=O)OCC(COP(=O)(O)OP(=O)(O)OCC1OC(n2ccc(=N)nc2O)C(O)C1O)OC(=O)CCCCCCCCCCCCCCCCC
id_223	CCCCCCC=CCCCCCC(=O)OCC(COP(=O)(O)OP(=O)(O)OCC1OC(n2ccc(=N)nc2O)C(O)C1O)OC(=O)CCCCCC=CCCCCCC
id_224	CCCCCCCCCCCCCC(=O)OCC(COP(=O)(O)OP(=O)(O)OCC1OC(n2ccc(=N)nc2O)C(O)C1O)OC(=O)CCCCCCCCCCCCC
id_225	N=c1ccn(C2OC(COP(=O)(O)O)C(O)C2O)c(O)n1
id_226	N=c1ccn(C2OC(COP(=O)(O)OC3(C(=O)O)CC(O)C(O)C(C(O)CO)O3)C(O)C2O)c(O)n1
id_227	O=C=O
id_228	N=c1ccn(C2OC(COP(=O)(O)OP(=O)(O)OP(=O)(O)O)C(O)C2O)c(O)n1
id_229	NC(=O)O
id_230	N=C(O)OP(=O)(O)O
id_231	C=C(OC1C=C(C(=O)O)C=CC1O)C(=O)O
id_232	CC(C(=O)O)=C(CC(=O)O)C(=O)O
id_233	O=C(O)CCC1=CC=CC(O)C1O
id_234	O=C(O)C=C(CC(=O)O)C(=O)O
id_235	O=C(O)CC(O)(CC(=O)O)C(=O)O
id_236	CC(C)(COP(=O)(O)OP(=O)(O)OCC1OC(n2cnc3c(N)ncnc32)C(O)C1OP(=O)(O)O)C(O)C(O)=NCCC(O)=NCCS
id_237	CCCCCCC=CCCCCCCCC(=O)OC(CCCCCCCCCCC)CC(O)=NC1C(OCC2OC(OP(=O)(O)O)C(N=C(O)CC(O)CCCCCCCCCCC)C(OC(=O)CC(O)CCCCCCCCCCC)C2O)OC(COC2(C(=O)O)CC(OC3(C(=O)O)CC(O)C(O)C(C(O)CO)O3)C(O)C(C(O)CO)O2)C(OP(=O)(O)O)C1OC(=O)CC(CCCCCCCCCCC)OC(=O)CCCCCCCCCCCCC
id_238	CC(=CC(=O)N([O-])CCCC(N=C(C)O)C(=O)OCCC(C)=CC(=O)N([O-])CCCC1N=C(O)C(CCCN([O-])C(=O)C=C(C)CCO)N=C1O)CCO
id_239	Cc1c2[nH]c(c1CCC(=O)O)Cc1[nH]c(c(CCC(=O)O)c1C)Cc1[nH]c(c(CCC(=O)O)c1C)Cc1[nH]c(c(C)c1CCC(=O)O)C2
id_240	CCCCCCCCCCCCCC(=O)OC(CCCCCCCCCCC)CC(=O)OC1C(N=C(O)CC(CCCCCCCCCCC)OC(=O)CCCCCCCCCCC)C(OCC2OC(OP(=O)(O)O)C(N=C(O)CC(O)CCCCCCCCCCC)C(OC(=O)CC(O)CCCCCCCCCCC)C2O)OC(COC2(C(=O)O)CC(OC3(C(=O)O)CC(OC4(C(=O)O)CC(O)C(O)C(C(O)CO)O4)C(OC4OC(C)C(O)C(O)C4O)C(C(O)CO)O3)C(OC3OC(C(O)CO)C(OP(=O)(O)O)C(OC4OC(C(O)COC5OC(C(O)CO)C(O)C(O)C5O)C(OP(=O)(O)O)C(OC5OC(COC6OC(CO)C(O)C(O)C6O)C(O)C(OC6OC(CO)C(O)C(O)C6OC6OC(COC7OC(C(O)CO)C(O)C(O)C7O)C(O)C(O)C6O)C5O)C4O)C3O)C(C(O)CO)O2)C1OP(=O)(O)O
id_241	C[N+](C)(C)CC=CC(=O)O
id_242	CC=CC(=O)SCCN=C(O)CCN=C(O)C(O)C(C)(C)COP(=O)(O)OP(=O)(O)OCC1OC(n2cnc3c(N)ncnc32)C(O)C1OP(=O)(O)O
id_243	N#CO
id_244	N=c1nc(O)c2c([nH]1)NC1OC3COP(=O)(O)OC3C(O)(O)C1N2
id_245	NC(CS)C(O)=NCC(=O)O
id_246	N=c1ccn(C2OC(CO)C(O)C2O)c(O)n1
id_247	N=c1ccnc(O)[nH]1
id_248	CC(C)(COP(=O)(O)O)C(O)C(O)=NCCC(=O)O
id_249	CC(N)C(=O)O
id_250	CC(N)C(O)=NC(C)C(=O)O
id_251	OCC1OC(O)C(O)C(O)C1O
id_252	O=CC(O)C(O)C(O)C(O)COP(=O)(O)O
id_253	O=C(O)C(O)C(O)C(O)C(O)CO
id_254	O=CC(O)C(O)C(O)COP(=O)(O)O
id_255	C[N+](C)(C)CC(O)CC(=O)O
id_256	NC(CS)C(=O)O
id_257	O=CC(O)C(O)COP(=O)(O)O
id_258	OCC1OC(O)(CO)C(O)C1O
id_259	O=P(O)(O)OCC1OC(O)(COP(=O)(O)O)C(O)C1O
id_260	O=P(O)(O)OCC1(O)OC(CO)C(O)C1O
id_261	O=C(CO)C(O)C(O)C(O)COP(=O)(O)O
id_262	O=C(O)C1OC(O)(CO)C(O)C1O
id_263	O=C(O)C(O)C(O)C(O)C(O)C(=O)O
id_264	O=C(O)C1OC(O)C(O)C(O)C1O
id_265	NC1C(OP(=O)(O)O)OC(CO)C(O)C1O
id_266	NC1C(O)OC(COP(=O)(O)O)C(O)C1O
id_267	O=P(O)(O)OCC1OC(O)C(O)C(O)C1O
id_268	NC(CCC(=O)O)C(=O)O
id_269	O=CC(O)CO
id_270	O=C(O)C(CO)OP(=O)(O)O
id_271	O=P(O)(O)OCC(O)C1OC(OP(=O)(O)O)C(O)C(O)C1O
id_272	O=P(O)(O)OC1OC(C(O)CO)C(O)C(O)C1O
id_273	O=P(O)(O)OCC(O)C1OC(O)C(O)C(O)C1O
id_274	CC(O)C=O
id_275	CC(O)C(=O)O
id_276	O=C(O)CC(O)C(=O)O
id_277	O=P(O)(O)OCC(O)C(O)C(O)C(O)CO
id_278	OCC1OC(O)C(O)C1O
id_279	O=P(O)(O)OCC1OC(OP(=O)(O)O)C(O)C1O
id_280	O=C(CO)C(O)C(O)COP(=O)(O)O
id_281	NC(CO)C(=O)O
id_282	OC1COC(O)C(O)C1O
id_283	O=C(CO)C(O)C(O)CO
id_284	O=P(O)(O)OCC(O)C(O)c1cnc[nH]1
id_285	O=C(O)C(O)C(O)C(=O)O
id_286	Nc1ncnc2c1ncn2C1CC(O)C(COP(=O)(O)OP(=O)(O)O)O1
id_287	Nc1ncnc2c1ncn2C1CC(O)C(COP(=O)(O)O)O1
id_288	Nc1ncnc2c1ncn2C1CC(O)C(COP(=O)(O)OP(=O)(O)OP(=O)(O)O)O1
id_289	N=c1ccn(C2CC(O)C(COP(=O)(O)OP(=O)(O)O)O2)c(O)n1
id_290	N=c1ccn(C2CC(O)C(COP(=O)(O)O)O2)c(O)n1
id_291	N=c1ccn(C2CC(O)C(COP(=O)(O)OP(=O)(O)OP(=O)(O)O)O2)c(O)n1
id_292	N=c1nc(O)c2ncn(C3CC(O)C(COP(=O)(O)OP(=O)(O)O)O3)c2[nH]1
id_293	N=c1nc(O)c2ncn(C3CC(O)C(COP(=O)(O)O)O3)c2[nH]1
id_294	N=c1nc(O)c2ncn(C3CC(O)C(COP(=O)(O)OP(=O)(O)OP(=O)(O)O)O3)c2[nH]1
id_295	O=P(O)(O)OCC1OC(n2cnc3c(O)ncnc32)CC1O
id_296	O=P(O)(O)OP(=O)(O)OP(=O)(O)OCC1OC(n2cnc3c(O)ncnc32)CC1O
id_297	Cc1cn(C2CC(O)C(COP(=O)(O)OP(=O)(O)O)O2)c(=O)nc1O
id_298	CC(O)=NC1C(C)OC(OP(=O)(O)OP(=O)(O)OCC2OC(n3cc(C)c(O)nc3=O)CC2O)C(O)C1O
id_299	Cc1cn(C2CC(O)C(COP(=O)(O)OP(=O)(O)OC3OC(C)C(N)C(O)C3O)O2)c(=O)nc1O
id_300	Cc1cn(C2CC(O)C(COP(=O)(O)OP(=O)(O)OC3OC(C)C(=O)C(O)C3O)O2)c(=O)nc1O
id_301	Cc1cn(C2CC(O)C(COP(=O)(O)OP(=O)(O)OC3OC(C)C(O)C(O)C3O)O2)c(=O)nc1O
id_302	Cc1cn(C2CC(O)C(COP(=O)(O)OP(=O)(O)OC3OC(CO)C(O)C(O)C3O)O2)c(=O)nc1O
id_303	Cc1cn(C2CC(O)C(COP(=O)(O)O)O2)c(=O)nc1O
id_304	Cc1cn(C2CC(O)C(COP(=O)(O)OP(=O)(O)OP(=O)(O)O)O2)c(=O)nc1O
id_305	O=c1nc(O)ccn1C1CC(O)C(COP(=O)(O)OP(=O)(O)O)O1
id_306	O=c1nc(O)ccn1C1CC(O)C(COP(=O)(O)O)O1
id_307	O=c1nc(O)ccn1C1CC(O)C(COP(=O)(O)OP(=O)(O)OP(=O)(O)O)O1
id_308	Nc1ncnc2c1ncn2C1OC(COP(=O)(O)OP(=O)(O)OCC2OC([n+]3cccc(C(=O)O)c3)C(O)C2O)C(O)C1O
id_309	CCCCCCCCCC(=O)O
id_310	CCCCCCCCCC(=O)SCCN=C(O)CCN=C(O)C(O)C(C)(C)COP(=O)(O)OP(=O)(O)OCC1OC(n2cnc3c(N)ncnc32)C(O)C1OP(=O)(O)O
id_311	N=CC(=O)O
id_312	Nc1ncnc2c1ncn2C1CC(O)C(CO)O1
id_313	N=c1ccn(C2CC(O)C(CO)O2)c(O)n1
id_314	N=c1nc(O)c2ncn(C3CC(O)C(CO)O3)c2[nH]1
id_315	OCC1OC(n2cnc3c(O)ncnc32)CC1O
id_316	O=c1nc(O)ccn1C1CC(O)C(CO)O1
id_317	CC(C)(COP(=O)(O)OP(=O)(O)OCC1OC(n2cnc3c(N)ncnc32)C(O)C1O)C(O)C(O)=NCCC(O)=NCCS
id_318	CC1N=C(O)NC1CCCCCC(=O)O
id_319	CC(O)=NC1C(O)OC(CO)C(OC2OC(COP(=O)(O)O)C(O)C(O)C2N=C(C)O)C1O
id_320	N=c1nc(O)c2c([nH]1)NCC(C(O)C(O)CO)=N2
id_321	N=c1nc(O)c2c([nH]1)NCC(C(O)C(O)COP(=O)(O)O)=N2
id_322	N=c1nc(O)c2c([nH]1)NCC(CNc1ccc(C(=O)O)cc1)=N2
id_323	CC1(CC(=O)O)C2=Cc3[nH]c(c(CCC(=O)O)c3CC(=O)O)Cc3[nH]c(c(CC(=O)O)c3CCC(=O)O)C=C3NC(=CC(=N2)C1CCC(=O)O)C(C)(CC(=O)O)C3CCC(=O)O
id_324	O=C(CO)CO
id_325	O=C(CO)COP(=O)(O)O
id_326	CC(C)=CCOP(=O)(O)OP(=O)(O)O
id_327	O=P(O)(O)OP(=O)(O)O
id_328	CCCCCCCCCCCC(=O)O
id_329	CCCCCCCCCCCC(=O)SCCN=C(O)CCN=C(O)C(O)C(C)(C)COP(=O)(O)OP(=O)(O)OCC1OC(n2cnc3c(N)ncnc32)C(O)C1OP(=O)(O)O
id_330	O=C1OCC(N=C(O)c2cccc(O)c2O)C(=O)OCC(N=C(O)c2cccc(O)c2O)C(=O)OCC1N=C(O)c1cccc(O)c1O
id_331	CCS(=O)(=O)O
id_332	CCO
id_333	NCCO
id_334	Cc1cc2nc3c(O)nc(=O)[nH]c3[n+](CC(O)C(O)C(O)COP(=O)(O)O)c2cc1C
id_335	CC(C)=CCCC(C)=CCCC(C)=CCOP(=O)(O)OP(=O)(O)O
id_336	O=C(O)C(COC(=O)C(COC(=O)C(CO)N=C(O)c1cccc(O)c1O)N=C(O)c1cccc(O)c1O)N=C(O)c1cccc(O)c1O
id_337	CC(=O)N([O-])CCCC1N=C(O)CN=C(O)CN=C(O)CN=C(O)C(CCCN([O-])C(C)=O)N=C(O)C(CCCN([O-])C(C)=O)N=C1O
id_338	CC(=O)N(O)CCCC1N=C(O)C(CCCN(O)C(C)=O)N=C(O)C(CCCN(O)C=O)N=C(O)CN=C(O)CN=C(O)CN=C1O
id_339	CC(=O)N([O-])CCCCCN=C(O)CCC(=O)N([O-])CCCCCN=C(O)CCC(=O)N([O-])CCCCCN
id_340	Cc1cc2nc3c(O)nc(=O)nc-3n(CC(O)C(O)C(O)COP(=O)(O)OP(=O)(O)OCC3OC([n+]4c[nH]c5c(N)ncnc54)C(O)C3O)c2cc1C
id_341	Cc1cc2c(cc1C)N(CC(O)C(O)C(O)COP(=O)(O)OP(=O)(O)OCC1OC(n3cnc4c(N)ncnc43)C(O)C1O)c1nc(O)nc(O)c1N2
id_342	C=O
id_343	O=CO
id_344	NC(CCCCNCC(=O)C(O)C(O)C(O)CO)C(=O)O
id_345	O=C(O)C=CC(=O)O
id_346	N=c1nc(O)c2ncn(C3OC(COP(=O)(O)OP(=O)(O)O)C(O)C3O)c2[nH]1
id_347	N=c1nc(O)c2ncn(C3OC(COP(=O)(O)OP(=O)(O)OC4OC(CO)C(O)C(O)C4O)C(O)C3O)c2[nH]1
id_348	N=c1nc(O)c2ncn(C3OC(COP(=O)(O)O)C(O)C3O)c2[nH]1
id_349	N=c1nc(O)c2ncn(C3OC(COP(=O)(O)OP(=O)(O)OP(=O)(O)O)C(O)C3O)c2[nH]1
id_350	CCCCCCCCCCCCCC(=O)OC(CCCCCCCCCCC)CC(=O)OC1C(N=C(O)CC(CCCCCCCCCCC)OC(=O)CCCCCCCCCCC)C(OCC2OC(OP(=O)(O)O)C(N=C(O)CC(O)CCCCCCCCCCC)C(OC(=O)CC(O)CCCCCCCCCCC)C2O)OC(COC2(C(=O)O)CC(OC3(C(=O)O)CC(OC4(C(=O)O)CC(O)C(O)C(C(O)CO)O4)C(OC4OC(C)C(O)C(O)C4O)C(C(O)CO)O3)C(OC3OC(C(O)CO)C(OP(=O)(O)O)C(OC4OC(C(O)COC5OC(C(O)CO)C(O)C(O)C5O)C(OP(=O)(O)O)C(OC5OC(COC6OC(CO)C(O)C(O)C6O)C(O)C(O)C5O)C4O)C3O)C(C(O)CO)O2)C1OP(=O)(O)O
id_351	NC(CCC(O)=NC(CS)C(=O)O)C(=O)O
id_352	NC(CCC(O)=NCCCC(=O)O)C(=O)O
id_353	NC(CCC(O)=NCCCC=O)C(=O)O
id_354	NCCCCN=C(O)CCC(N)C(=O)O
id_355	CC(C)=CCCC(C)=CCOP(=O)(O)OP(=O)(O)O
id_356	CCCCCCCCCCCCCC(=O)OC(CCCCCCCCCCC)CC(=O)OC1C(N=C(O)CC(CCCCCCCCCCC)OC(=O)CCCCCCCCCCC)C(OCC2OC(OP(=O)(O)O)C(N=C(O)CC(O)CCCCCCCCCCC)C(OC(=O)CC(O)CCCCCCCCCCC)C2O)OC(COC2(C(=O)O)CC(OC3(C(=O)O)CC(OC4(C(=O)O)CC(O)C(O)C(C(O)CO)O4)C(OC4OC(C)C(O)C(O)C4O)C(C(O)CO)O3)C(OC3OC(C(O)CO)C(OP(=O)(O)O)C(OC4OC(C(O)COC5OC(C(O)CO)C(O)C(O)C5O)C(OP(=O)(O)O)C(OC5OC(COC6OC(CO)C(O)C(O)C6O)C(O)C(OC6OC(CO)C(O)C(O)C6O)C5O)C4O)C3O)C(C(O)CO)O2)C1OP(=O)(O)O
id_357	CCCCCCCCCCCCCC(=O)OC(CCCCCCCCCCC)CC(=O)OC1C(N=C(O)CC(CCCCCCCCCCC)OC(=O)CCCCCCCCCCC)C(OCC2OC(OP(=O)(O)O)C(N=C(O)CC(O)CCCCCCCCCCC)C(OC(=O)CC(O)CCCCCCCCCCC)C2O)OC(COC2(C(=O)O)CC(OC3(C(=O)O)CC(OC4(C(=O)O)CC(O)C(O)C(C(O)CO)O4)C(OC4OC(C)C(O)C(O)C4O)C(C(O)CO)O3)C(OC3OC(C(O)CO)C(OP(=O)(O)O)C(OC4OC(C(O)COC5OC(C(O)CO)C(O)C(O)C5O)C(OP(=O)(O)O)C(OC5OC(COC6OC(CO)C(O)C(O)C6O)C(O)C(OC6OC(CO)C(O)C(O)C6OC6OC(CO)C(O)C(O)C6O)C5O)C4O)C3O)C(C(O)CO)O2)C1OP(=O)(O)O
id_358	CCCCCCCCCCCCCC(=O)OC(CCCCCCCCCCC)CC(=O)OC1C(N=C(O)CC(CCCCCCCCCCC)OC(=O)CCCCCCCCCCC)C(OCC2OC(OP(=O)(O)O)C(N=C(O)CC(O)CCCCCCCCCCC)C(OC(=O)CC(O)CCCCCCCCCCC)C2O)OC(COC2(C(=O)O)CC(OC3(C(=O)O)CC(OC4(C(=O)O)CC(O)C(O)C(C(O)CO)O4)C(OC4OC(C)C(O)C(O)C4O)C(C(O)CO)O3)C(OC3OC(C(O)CO)C(OP(=O)(O)O)C(OC4OC(C(O)COC5OC(C(O)CO)C(O)C(O)C5O)C(OP(=O)(O)O)C(OC5OC(CO)C(O)C(O)C5O)C4O)C3O)C(C(O)CO)O2)C1OP(=O)(O)O
id_359	NCCCCNCCCN=C(O)CN=C(O)C(CS)N=C(O)CCC(N)C(=O)O
id_360	O=CC(O)COP(=O)(O)O
id_361	OCC(O)CO
id_362	O=P(O)(O)OC(CO)CO
id_363	O=P(O)(O)OCC(O)CO
id_364	O=P(O)(OCC(O)CO)OCC(O)CO
id_365	NC(COP(=O)(O)OCC(O)CO)C(=O)O
id_366	NCC(=O)O
id_367	OCC1OC(OCC2OC(OC3C(CO)OC(O)C(O)C3O)C(O)C(O)C2OC2OC(CO)C(O)C(O)C2O)C(O)C(O)C1O
id_368	O=CCO
id_369	O=C(O)CO
id_370	O=CC(=O)O
id_371	N=c1nc(O)c2nc[nH]c2[nH]1
id_372	N=c1nc(O)c2ncn(C3OC(CO)C(O)C3O)c2[nH]1
id_373	N=c1nc(O)c2ncn(C3OC(COP(=O)(O)OP(=O)(O)O)C(OP(=O)(O)OP(=O)(O)O)C3O)c2[nH]1
id_374	N=c1nc(O)c2ncn(C3OC(COP(=O)(O)OP(=O)(O)OP(=O)(O)O)C(OP(=O)(O)OP(=O)(O)O)C3O)c2[nH]1
id_375	C=CC1=C(C)c2cc3[nH]c(cc4[nH]c(cc5nc(cc1n2)C(C)=C5CCC(=O)O)c(CCC(=O)O)c4C)c(C)c3C(O)CCC=C(C)CCC=C(C)CCC=C(C)C
id_376	CCCCCCCCCCCCCC(=O)OC(CCCCCCCCCCC)CC(=O)OC1C(N=C(O)CC(CCCCCCCCCCC)OC(=O)CCCCCCCCCCC)C(OCC2OC(OP(=O)(O)O)C(N=C(O)CC(O)CCCCCCCCCCC)C(OC(=O)CC(O)CCCCCCCCCCC)C2O)OC(COC2(C(=O)O)CC(OC3(C(=O)O)CC(O)C(O)C(C(O)CO)O3)C(OC3OC(C(O)CO)C(O)C(OC4OC(C(O)CO)C(O)C(O)C4O)C3O)C(C(O)CO)O2)C1OP(=O)(O)O
id_377	CCCCCCCCCCCCCC(=O)OC(CCCCCCCCCCC)CC(=O)OC1C(N=C(O)CC(CCCCCCCCCCC)OC(=O)CCCCCCCCCCC)C(OCC2OC(OP(=O)(O)O)C(N=C(O)CC(O)CCCCCCCCCCC)C(OC(=O)CC(O)CCCCCCCCCCC)C2O)OC(COC2(C(=O)O)CC(OC3(C(=O)O)CC(O)C(O)C(C(O)CO)O3)C(OC3OC(C(O)CO)C(O)C(O)C3O)C(C(O)CO)O2)C1OP(=O)(O)O
id_378	CCCCCCCCCCCCCC(=O)OC(CCCCCCCCCCC)CC(=O)OC1C(N=C(O)CC(CCCCCCCCCCC)OC(=O)CCCCCCCCCCC)C(OCC2OC(OP(=O)(O)O)C(N=C(O)CC(O)CCCCCCCCCCC)C(OC(=O)CC(O)CCCCCCCCCCC)C2O)OC(COC2(C(=O)O)CC(OC3(C(=O)O)CC(O)C(O)C(C(O)CO)O3)C(OC3OC(C(O)CO)C(O)C(OC4OC(C(O)COC5OC(C(O)CO)C(O)C(O)C5O)C(OP(=O)(O)O)C(O)C4O)C3O)C(C(O)CO)O2)C1OP(=O)(O)O
id_379	CCCCCCCCCCCCCCCC(=O)O
id_380	CCCCCCC=CCCCCCCCC(=O)O
id_381	CCCCCC(=O)O
id_382	CCCCCC(=O)SC
id_383	CCCCCC(=O)SCCN=C(O)CCN=C(O)C(O)C(C)(C)COP(=O)(O)OP(=O)(O)OCC1OC(n2cnc3c(N)ncnc32)C(O)C1OP(=O)(O)O
id_384	O=C(O)CCc1c[nH]c(Cc2[nH]c(Cc3[nH]c(Cc4[nH]c(CO)c(CC(=O)O)c4CCC(=O)O)c(CC(=O)O)c3CCC(=O)O)c(CC(=O)O)c2CCC(=O)O)c1CC(=O)O
id_385	NC(CCC(O)=NC(CSCO)C(O)=NCC(=O)O)C(=O)O
id_386	O=C(O)C(=O)CO
id_387	Oc1ncnc2[nH]cnc12
id_388	O=P(O)(O)OP(=O)(O)OCC1OC(n2cnc3c(O)ncnc32)C(O)C1O
id_389	O=P(O)(O)OCC1OC(n2cnc3c(O)ncnc32)C(O)C1O
id_390	O=P(O)(O)OP(=O)(O)OP(=O)(O)OCC1OC(n2cnc3c(O)ncnc32)C(O)C1O
id_391	N=C(CC(=O)O)C(=O)O
id_392	c1ccc2[nH]ccc2c1
id_393	CCCCCCCCCCCCCC(=O)OC(CCCCCCCCCCC)CC(=O)OC1C(N=C(O)CC(CCCCCCCCCCC)OC(=O)CCCCCCCCCCC)C(OCC2OC(OP(=O)(O)O)C(N=C(O)CC(O)CCCCCCCCCCC)C(OC(=O)CC(O)CCCCCCCCCCC)C2O)OC(COC2(C(=O)O)CC(OC3(C(=O)O)CC(OC4(C(=O)O)CC(O)C(O)C(C(O)CO)O4)C(OC4OC(C)C(O)C(O)C4O)C(C(O)CO)O3)C(OC3OC(C(O)CO)C(OP(=O)(O)O)C(OC4OC(C(O)COC5OC(C(O)CO)C(O)C(O)C5O)C(OP(=O)(O)O)C(O)C4O)C3O)C(C(O)CO)O2)C1OP(=O)(O)O
id_394	O=P(O)(O)OP(=O)(O)OP(=O)(O)O
id_395	OCC1OC(n2cnc3c(O)ncnc32)C(O)C1O
id_396	O=S(=O)(O)CCO
id_397	C=C(OC1C=CC=C(C(=O)O)C1O)C(=O)O
id_398	O=C(O)CC(C(=O)O)C(O)C(=O)O
id_399	C=C(C)CCOP(=O)(O)OP(=O)(O)O
id_400	CCCCCCCCCCCCCC(=O)OC(CCCCCCCCCCC)CC(=O)OC1C(N=C(O)CC(CCCCCCCCCCC)OC(=O)CCCCCCCCCCC)C(OCC2OC(OP(=O)(O)O)C(N=C(O)CC(O)CCCCCCCCCCC)C(OC(=O)CC(O)CCCCCCCCCCC)C2O)OC(COC2(C(=O)O)CC(OC3(C(=O)O)CC(O)C(O)C(C(O)CO)O3)C(O)C(C(O)CO)O2)C1OP(=O)(O)O
id_401	CCCCCCCCCCCC(O)CC(=O)OC1C(O)C(COC2OC(COC3(C(=O)O)CC(OC4(C(=O)O)CC(O)C(O)C(C(O)CO)O4)C(O)C(C(O)CO)O3)C(OP(=O)(O)O)C(OC(=O)CC(O)CCCCCCCCCCC)C2N=C(O)CC(O)CCCCCCCCCCC)OC(OP(=O)(O)O)C1N=C(O)CC(O)CCCCCCCCCCC
id_402	CCCCCCCCCCCC(=O)OC(CCCCCCCCCCC)CC(O)=NC1C(OCC2OC(OP(=O)(O)O)C(N=C(O)CC(O)CCCCCCCCCCC)C(OC(=O)CC(O)CCCCCCCCCCC)C2O)OC(COC2(C(=O)O)CC(OC3(C(=O)O)CC(O)C(O)C(C(O)CO)O3)C(O)C(C(O)CO)O2)C(OP(=O)(O)O)C1OC(=O)CC(O)CCCCCCCCCCC
id_403	CCCCCCCCCCCCCCCC(=O)OC(CCCCCCCCCCC)CC(O)=NC1C(OCC2OC(OP(=O)(O)O)C(N=C(O)CC(O)CCCCCCCCCCC)C(OC(=O)CC(O)CCCCCCCCCCC)C2O)OC(COC2(C(=O)O)CC(OC3(C(=O)O)CC(O)C(O)C(C(O)CO)O3)C(O)C(C(O)CO)O2)C(OP(=O)(O)O)C1OC(=O)CC(O)CCCCCCCCCCC
id_404	CCCCCCCCCCCC(O)CC(=O)OC1C(O)C(COC2OC(COC3(C(=O)O)CC(O)C(O)C(C(O)CO)O3)C(OP(=O)(O)O)C(OC(=O)CC(O)CCCCCCCCCCC)C2N=C(O)CC(O)CCCCCCCCCCC)OC(OP(=O)(O)O)C1N=C(O)CC(O)CCCCCCCCCCC
id_405	CCCCCCCCCCCCCC(=O)OC(CCCCCCCCCCC)CC(=O)OC1C(N=C(O)CC(CCCCCCCCCCC)OC(=O)CCCCCCCCCCC)C(OCC2OC(OP(=O)(O)O)C(N=C(O)CC(O)CCCCCCCCCCC)C(OC(=O)CC(O)CCCCCCCCCCC)C2O)OC(COC2(C(=O)O)CC(OC3(C(=O)O)CC(OC4(C(=O)O)CC(O)C(O)C(C(O)CO)O4)C(O)C(C(O)CO)O3)C(OC3OC(C(O)CO)C(OP(=O)(O)O)C(OC4OC(C(O)COC5OC(C(O)CO)C(O)C(O)C5O)C(OP(=O)(O)O)C(O)C4O)C3O)C(C(O)CO)O2)C1OP(=O)(O)O
id_406	CC(=O)C(N)C(=O)O
id_407	CC(O)C(N)C(=O)O
id_408	N=C(N)NCCCC(N)C(=O)O
id_409	N=C(O)CC(N)C(=O)O
id_410	NC(CC(=O)O)C(=O)O
id_411	NC(CC=O)C(=O)O
id_412	N=C(O)NCCCC(N)C(=O)O
id_413	NC(CCSCC(N)C(=O)O)C(=O)O
id_414	CC1OC(O)C(O)C(O)C1O
id_415	CC(O)C(O)C(O)C(=O)COP(=O)(O)O
id_416	NC(C=O)CCC(=O)O
id_417	NC(CCC(=O)OP(=O)(O)O)C(=O)O
id_418	NC(CCC=O)C(=O)O
id_419	N=C(O)CCC(N)C(=O)O
id_420	NC(Cc1cnc[nH]1)C(=O)O
id_421	NC(CO)Cc1cnc[nH]1
id_422	NC(COP(=O)(O)O)Cc1cnc[nH]1
id_423	NC(CCS)C(=O)O
id_424	NC(CCO)C(=O)O
id_425	CCC(C)C(N)C(=O)O
id_426	CC(C)CC(N)C(=O)O
id_427	NCCCCC(N)C(=O)O
id_428	CSCCC(N)C(=O)O
id_429	CS(=O)CCC(N)C(=O)O
id_430	NC(Cc1ccccc1)C(=O)O
id_431	O=C(O)C1CCCN1
id_432	O=C(O)CN=C(O)C1CCCN1
id_433	CC(O)C(O)C(O)C(=O)CO
id_434	NC(Cc1c[nH]c2ccccc12)C(=O)O
id_435	NC(Cc1ccc(O)cc1)C(=O)O
id_436	CC(C)C(N)C(=O)O
id_437	CC(N)C(O)=NC(CCC(=O)O)C(=O)O
id_438	CC(N)C(O)=NC(CCCC(N=C(O)CCC(N=C(O)C(C)N)C(=O)O)C(=O)O)C(=O)O
id_439	O=C1OC(C(O)COP(=O)(O)O)C(O)=C1O
id_440	Nc1ncnc2c1ncn2C1OC(COP(=O)(O)OC(=O)C(N)CO)C(O)C1O
id_441	NC(CCCC(N)C(=O)O)C(=O)O
id_442	OCC1OC(OC2C(CO)OC(O)C(O)C2O)C(O)C(O)C1O
id_443	CCCCCCCCCCCC(O)CC(=O)OC1C(O)C(CO)OC(OCC2OC(OP(=O)(O)O)C(N=C(O)CC(O)CCCCCCCCCCC)C(OC(=O)CC(O)CCCCCCCCCCC)C2O)C1N=C(O)CC(O)CCCCCCCCCCC
id_444	O=C(O)CCCCC1CCSS1
id_445	Nc1ncnc2c1ncn2C1OC(COP(=O)(O)OC(=O)CCCCC2CCSS2)C(O)C1O
id_446	O=CCC(=O)O
id_447	CC(C)(COP(=O)(O)OP(=O)(O)OCC1OC(n2cnc3c(N)ncnc32)C(O)C1OP(=O)(O)O)C(O)C(O)=NCCC(O)=NCCSC(=O)CC(=O)O
id_448	COC(=O)CC(=O)SCCN=C(O)CCN=C(O)C(O)C(C)(C)COP(=O)(O)OP(=O)(O)OCC1OC(n2cnc3c(N)ncnc32)C(O)C1OP(=O)(O)O
id_449	OCC1OC(OC2C(CO)OC(OC3C(CO)OC(OC4C(CO)OC(OC5C(CO)OC(OC6C(CO)OC(OC7C(CO)OC(O)C(O)C7O)C(O)C6O)C(O)C5O)C(O)C4O)C(O)C3O)C(O)C2O)C(O)C(O)C1O
id_450	OCC1OC(OC2C(CO)OC(OC3C(CO)OC(OC4C(CO)OC(OC5C(CO)OC(OC6C(CO)OC(O)C(O)C6O)C(O)C5O)C(O)C4O)C(O)C3O)C(O)C2O)C(O)C(O)C1O
id_451	OCC1OC(OC2C(CO)OC(OC3C(CO)OC(OC4C(CO)OC(OC5C(CO)OC(O)C(O)C5O)C(O)C4O)C(O)C3O)C(O)C2O)C(O)C(O)C1O
id_452	OCC1OC(OC2C(CO)OC(OC3C(CO)OC(OC4C(CO)OC(O)C(O)C4O)C(O)C3O)C(O)C2O)C(O)C(O)C1O
id_453	OCC1OC(OC2C(CO)OC(OC3C(CO)OC(O)C(O)C3O)C(O)C2O)C(O)C(O)C1O
id_454	OCC1OC(OCC2OC(O)C(O)C(O)C2O)C(O)C(O)C1O
id_455	CC(C)=CCCC(C)=CCCC(C)=CCCC(C)=CCCC(C)=CCCC(C)=CCCC(C)=CCCC(C)=CCc1c(C)c(O)c2ccccc2c1O
id_456	CC(C)=CCCC(C)=CCCC(C)=CCCC(C)=CCCC(C)=CCCC(C)=CCCC(C)=CCCC(C)=CCC1=C(C)C(=O)c2ccccc2C1=O
id_457	CS(=O)(=O)O
id_458	CO
id_459	CC(=O)C=O
id_460	CC(O)(C(=O)O)C(CC(=O)O)C(=O)O
id_461	N=c1nc(O)c2c([nH]1)NC1OC(COP(=O)(O)O)C(S)=C(S)C1N2
id_462	N=c1ccn(C2OC(COP(=O)(O)OP(=O)(O)OCC3OC4Nc5[nH]c(=N)nc(O)c5NC4C(S)=C3S)C(O)C2O)c(O)n1
id_463	N=c1nc(O)c2c([nH]1)NC1OC(COP(=O)(O)OP(=O)(O)OCC3OC(n4cnc5c(O)nc(=N)[nH]c54)C(O)C3O)C(S)=C(S)C1N2
id_464	N=C(NCCCC(N)C(=O)O)NC(CC(=O)O)C(=O)O
id_465	CC(C)(COP(=O)(O)O)C(O)C(O)=NCCC(O)=NC(CS)C(=O)O
id_466	O=C(O)c1ccccc1NC1OC(COP(=O)(O)O)C(O)C1O
id_467	CC(O)=NC1C(O)OC(CO)C(O)C1O
id_468	CC(O)=NC1C(OP(=O)(O)O)OC(CO)C(O)C1O
id_469	CC(O)=NC1C(O)OC(COP(=O)(O)O)C(O)C1O
id_470	CC(O)=NC1C(OC2C3COC(O3)C(N=C(C)O)C2OC(C)C(O)=NC(C)C(O)=NC(CCC(=O)O)C(O)=NC(CCCC(N)C(=O)O)C(O)=NC(C)C(=O)O)OC(CO)C(O)C1O
id_471	CC(O)=NC1=COC(CO)C(OC2OC(CO)C(O)C(O)C2N=C(C)O)C1OC(C)C(O)=NC(C)C(O)=NC(CCC(=O)O)C(O)=NC(CCCC(N)C(=O)O)C(=O)O
id_472	CC(O)=NC(C=O)C(O)C(O)C(O)CO
id_473	CC(O)=NC(C=O)C(O)C(O)C(O)COP(=O)(O)O
id_474	CC(O)=NC(CCC(=O)O)C(=O)O
id_475	CC(O)=NC(CCC=O)C(=O)O
id_476	CC(O)=NC(CCC(=O)OP(=O)(O)O)C(=O)O
id_477	CC(O)=NC1C(O)CC(O)(C(=O)O)OC1C(O)C(O)CO
id_478	N=C(O)NC(CC(=O)O)C(=O)O
id_479	O=C(O)CCC(O)=NC(CCCC(=O)C(=O)O)C(=O)O
id_480	NC(CCCC(N=C(O)CCC(=O)O)C(=O)O)C(=O)O
id_481	CC(O)=NC1C(O)OC(COP(=O)(O)O)C(O)C1OC(C)C(=O)O
id_482	NCC(O)=NC1OC(COP(=O)(O)O)C(O)C1O
id_483	CC(O)=NC(CCCN)C(=O)O
id_484	O=P(O)(O)OCC1OC(N=C(O)CN=CO)C(O)C1O
id_485	N=C(N)NCCCC(N=C(O)CCC(=O)O)C(=O)O
id_486	O=C(O)CCC(O)=NC(CCC(=O)O)C(=O)O
id_487	O=CCCC(N=C(O)CCC(=O)O)C(=O)O
id_488	NCCCC(N=C(O)CCC(=O)O)C(=O)O
id_489	O=C(O)CC(Nc1ncnc2c1ncn2C1OC(COP(=O)(O)O)C(O)C1O)C(=O)O
id_490	N=C(O)c1ccc[n+](C2OC(COP(=O)(O)O)C(O)C2O)c1
id_491	N=C(O)c1cccnc1
id_492	N=C(O)c1ccc[n+](C2OC(COP(=O)(O)OP(=O)(O)OCC3OC(n4cnc5c(N)ncnc54)C(O)C3O)C(O)C2O)c1
id_493	N=C(O)C1=CN(C2OC(COP(=O)(O)OP(=O)(O)OCC3OC(n4cnc5c(N)ncnc54)C(O)C3O)C(O)C2O)C=CC1
id_494	N=C(O)c1ccc[n+](C2OC(COP(=O)(O)OP(=O)(O)OCC3OC(n4cnc5c(N)ncnc54)C(OP(=O)(O)O)C3O)C(O)C2O)c1
id_495	N=C(O)C1=CN(C2OC(COP(=O)(O)OP(=O)(O)OCC3OC(n4cnc5c(N)ncnc54)C(OP(=O)(O)O)C3O)C(O)C2O)C=CC1
id_496	O=C(O)c1cccnc1
id_497	O=C(O)c1ccc[n+](C2OC(COP(=O)(O)O)C(O)C2O)c1
id_498	O=[N+]([O-])[O-]
id_499	CC(=O)OCC(N)C(=O)O
id_500	NC(C(=O)O)C(O)COP(=O)(O)O
id_501	NC(CCOP(=O)(O)O)C(=O)O
id_502	NC(COP(=O)(O)O)C(=O)O
id_503	NC(CCOC(=O)CCC(=O)O)C(=O)O
id_504	O=C(O)CCC(=O)c1ccccc1C(=O)O
id_505	CC(C)(COP(=O)(O)OP(=O)(O)OCC1OC(n2cnc3c(N)ncnc32)C(O)C1OP(=O)(O)O)C(O)C(O)=NCCC(O)=NCCSC(=O)c1ccccc1C(=O)CCC(=O)O
id_506	CCCCCCCCCCCCCCCCCC(=O)O
id_507	CCCCCCCCC=CCCCCCCCC(=O)O
id_508	CCCCCCCCC=CCCCCCCCC(=O)SCCN=C(O)CCN=C(O)C(O)C(C)(C)COP(=O)(O)OP(=O)(O)OCC1OC(n2cnc3c(N)ncnc32)C(O)C1OP(=O)(O)O
id_509	CCCCCCCC(=O)O
id_510	CCCCCCCC(=O)SCCN=C(O)CCN=C(O)C(O)C(C)(C)COP(=O)(O)OP(=O)(O)OCC1OC(n2cnc3c(N)ncnc32)C(O)C1OP(=O)(O)O
id_511	NCCCC(N)C(=O)O
id_512	O=C(O)c1cc(O)nc(O)n1
id_513	O=C(O)c1cc(O)nc(=O)n1C1OC(COP(=O)(O)O)C(O)C1O
id_514	O=C(O)CC(=O)C(=O)O
id_515	N=C(O)N=C(O)C(=O)O
id_516	NC(=O)C(=O)O
id_517	NC(CCC(O)=NC(CSSCC(N=C(O)CCC(N)C(=O)O)C(O)=NCC(=O)O)C(O)=NCC(=O)O)C(=O)O
id_518	Cc1ccc(O)cc1
id_519	Nc1ncnc2c1ncn2C1OC(COP(=O)(O)OP(=O)(O)OP(=O)(O)OP(=O)(O)OCC2OC(n3cnc4c(N)ncnc43)C(O)C2O)C(O)C1O
id_520	CCCCCCCCCCCCCCCC(=O)SCCN=C(O)CCN=C(O)C(O)C(C)(C)COP(=O)(O)OP(=O)(O)OCC1OC(n2cnc3c(N)ncnc32)C(O)C1OP(=O)(O)O
id_521	CC(C)(COP(=O)(O)O)C(O)C(O)=NCCC(O)=NCCS
id_522	NC=CC(=O)OO
id_523	O=CCc1ccccc1
id_524	O=C(O)Cc1ccccc1
id_525	CC(C)(COP(=O)(O)OP(=O)(O)OCC1OC(n2cnc3c(N)ncnc32)C(O)C1OP(=O)(O)O)C(O)C(O)=NCCC(O)=NCCSC(=O)Cc1ccccc1
id_526	O=C(O)CCc1ccccc1
id_527	O=C(O)C(O)=Cc1ccccc1
id_528	O=P(O)(O)O
id_529	CCCCCCCCCCCC(=O)OCC(COP(=O)(O)OCCN)OC(=O)CCCCCCCCCCC
id_530	CCCCCCC=CCCCCCCCC(=O)OCC(COP(=O)(O)OCCN)OC(=O)CCCCCCCC=CCCCCCC
id_531	CCCCCCCCCCCCCCCC(=O)OCC(COP(=O)(O)OCCN)OC(=O)CCCCCCCCCCCCCCC
id_532	CCCCCCCCCCCCCCCCCC(=O)OCC(COP(=O)(O)OCCN)OC(=O)CCCCCCCCCCCCCCCCC
id_533	CCCCCCCCCCCCCC(=O)OCC(COP(=O)(O)OCCN)OC(=O)CCCCCCCCCCCCC
id_534	CCCCCCC=CCCCCCCCC(=O)OCC(COP(=O)(O)OCC(O)CO)OC(=O)CCCCCCCC=CCCCCCC
id_535	CCCCCCCCCCCCCCCC(=O)OCC(COP(=O)(O)OCC(O)CO)OC(=O)CCCCCCCCCCCCCCC
id_536	CCCCCCC=CCCCCCCCCCC(=O)OCC(COP(=O)(O)OCC(O)CO)OC(=O)CCCCCCCCCC=CCCCCCC
id_537	CCCCCCCCCCCCCCCCCC(=O)OCC(COP(=O)(O)OCC(O)CO)OC(=O)CCCCCCCCCCCCCCCCC
id_538	CCCCCCCCCCCCCC(=O)OCC(COP(=O)(O)OCC(O)CO)OC(=O)CCCCCCCCCCCCC
id_539	CCCCCCC=CCCCCCCCC(=O)OCC(COP(=O)(O)OCC(O)COP(=O)(O)O)OC(=O)CCCCCCCC=CCCCCCC
id_540	CCCCCCCCCCCCCCCC(=O)OCC(COP(=O)(O)OCC(O)COP(=O)(O)O)OC(=O)CCCCCCCCCCCCCCC
id_541	CCCCCCCCCCCCCCCCCC(=O)OCC(COP(=O)(O)OCC(O)COP(=O)(O)O)OC(=O)CCCCCCCCCCCCCCCCC
id_542	CCCCCCCCCCCCCCCC(=O)OCC(COP(=O)(O)OCC(N)C(=O)O)OC(=O)CCCCCCCCCCCCCCC
id_543	CCCCCCCCCCCCCCCCCC(=O)OCC(COP(=O)(O)OCC(N)C(=O)O)OC(=O)CCCCCCCCCCCCCCCCC
id_544	CCCCCCCCCCCCCC(=O)OC(CCCCCCCCCCC)CC(=O)OC1C(N=C(O)CC(CCCCCCCCCCC)OC(=O)CCCCCCCCCCC)C(OCC2OC(OP(=O)(O)O)C(N=C(O)CC(O)CCCCCCCCCCC)C(OC(=O)CC(O)CCCCCCCCCCC)C2O)OC(COC2(C(=O)O)CC(OC3(C(=O)O)CC(O)C(O)C(C(O)CO)O3)C(OC3OC(C(O)CO)C(O)C(OC4OC(C(O)CO)C(OP(=O)(O)O)C(O)C4O)C3O)C(C(O)CO)O2)C1OP(=O)(O)O
id_545	CCCCCCCCCCCCCC(=O)OC(CCCCCCCCCCC)CC(=O)OC1C(N=C(O)CC(CCCCCCCCCCC)OC(=O)CCCCCCCCCCC)C(OCC2OC(OP(=O)(O)O)C(N=C(O)CC(O)CCCCCCCCCCC)C(OC(=O)CC(O)CCCCCCCCCCC)C2O)OC(COC2(C(=O)O)CC(OC3(C(=O)O)CC(O)C(O)C(C(O)CO)O3)C(OC3OC(C(O)CO)C(OP(=O)(O)O)C(OC4OC(C(O)COC5OC(C(O)CO)C(O)C(O)C5O)C(OP(=O)(O)O)C(O)C4O)C3O)C(C(O)CO)O2)C1OP(=O)(O)O
id_546	C=C(OP(=O)(O)O)C(=O)O
id_547	NCc1[nH]cc(CCC(=O)O)c1CC(=O)O
id_548	O=C(O)C(=O)CC1(C(=O)O)C=CC(O)C=C1
id_549	CCC=O
id_550	CCC(=O)OP(=O)(O)O
id_551	CCC(=O)SCCN=C(O)CCN=C(O)C(O)C(C)(C)COP(=O)(O)OP(=O)(O)OCC1OC(n2cnc3c(N)ncnc32)C(O)C1OP(=O)(O)O
id_552	CCC(=O)O
id_553	C=Cc1c(C)c2cc3[nH]c(cc4nc(cc5nc(cc1[nH]2)C(C)=C5CCC(=O)O)C(CCC(=O)O)=C4C)c(C)c3C=C
id_554	C=CC1=C(C)c2cc3[nH]c(cc4nc(cc5[nH]c(cc1n2)c(C)c5CCC(=O)O)C(CCC(=O)O)=C4C)c(C)c3C=C
id_555	C=Cc1c2[nH]c(c1C)Cc1[nH]c(c(CCC(=O)O)c1C)Cc1[nH]c(c(C)c1CCC(=O)O)Cc1[nH]c(c(C)c1C=C)C2
id_556	NCCCCN
id_557	Cc1ncc(CO)c(C=O)c1O
id_558	Cc1ncc(COP(=O)(O)O)c(C=O)c1O
id_559	Cc1ncc(CO)c(CN)c1O
id_560	Cc1ncc(COP(=O)(O)O)c(CN)c1O
id_561	Cc1ncc(CO)c(CO)c1O
id_562	Cc1ncc(COP(=O)(O)O)c(CO)c1O
id_563	CC(=O)C(=O)O
id_564	O=C(O)C1(O)CC(O)C(O)C(O)C1
id_565	O=C(O)c1cccnc1C(=O)O
id_566	Cc1cc2c(cc1C)N(CC(O)C(O)C(O)COP(=O)(O)O)c1nc(O)nc(O)c1N2
id_567	NC(CCC(O)=NC(CS)C(O)=NCC(=O)O)C(=O)O
id_568	Cc1cc2c(cc1C)N(CC(O)C(O)C(O)CO)c1nc(O)nc(O)c1N2
id_569	Cc1cc2nc3c(O)nc(=O)nc-3n(CC(O)C(O)C(O)CO)c2cc1C
id_570	C[S+](CCC(=O)C(=O)O)CC1OC(n2cnc3c(N)ncnc32)C(O)C1O
id_571	Nc1ncnc2c1ncn2C1OC(CSCCC(N)C(=O)O)C(O)C1O
id_572	C[S+](CCC(N)C(=O)O)CC1OC(n2cnc3c(N)ncnc32)C(O)C1O
id_573	C[S+](CCCN)CC1OC(n2cnc3c(N)ncnc32)C(O)C1O
id_574	NC(CCC(O)=NC(CSC=O)C(O)=NCC(=O)O)C(=O)O
id_575	C[S+](C)CCC(N)C(=O)O
id_576	NC(CCSCC1OC(O)C(O)C1O)C(=O)O
id_577	O=C(COP(=O)(O)O)C(O)C(O)C(O)C(O)COP(=O)(O)O
id_578	O=C(CO)C(O)C(O)C(O)C(O)COP(=O)(O)O
id_579	O=C(O)C1=CC(O)C(O)C(O)C1
id_580	O=C(O)C1=CC(OP(=O)(O)O)C(O)C(O)C1
id_581	CC1(CC(=O)O)c2cc3nc(cc4[nH]c(cc5[nH]c(cc(n2)C1CCC(=O)O)c(CC(=O)O)c5CCC(=O)O)c(CCC(=O)O)c4CC(=O)O)C(C)(CC(=O)O)C3CCC(=O)O
id_582	CC1(CC(=O)O)c2cc3[nH]c(cc4nc(cc5[nH]c(cc(n2)C1CCC(=O)O)C(C)(CC(=O)O)C5CCC(=O)O)C(CC(=O)O)=C4CCC(=O)O)c(CCC(=O)O)c3CC(=O)O
id_583	NCCOP(=O)(O)OCC(O)CO
id_584	NCCCCNCCCN
id_585	CCCCCCCCCCCCCCCCCC(=O)SCCN=C(O)CCN=C(O)C(O)C(C)(C)COP(=O)(O)OP(=O)(O)OCC1OC(n2cnc3c(N)ncnc32)C(O)C1OP(=O)(O)O
id_586	O=C(O)CCC(=O)O
id_587	O=CCCC(=O)O
id_588	CC(C)(COP(=O)(O)OP(=O)(O)OCC1OC(n2cnc3c(N)ncnc32)C(O)C1OP(=O)(O)O)C(O)C(O)=NCCC(O)=NCCSC(=O)CCC(=O)O
id_589	O=P(O)(O)OCC1OC(CO)(OC2OC(CO)C(O)C(O)C2O)C(O)C1O
id_590	O=S(=O)(O)O
id_591	O=S(O)O
id_592	O=C(O)CS(=O)(=O)O
id_593	NCCS(=O)(=O)O
id_594	CCCCCCCCCCCCCC(=O)O
id_595	CCCCCCCCCCCCCC(=O)SCCN=C(O)CCN=C(O)C(O)C(C)(C)COP(=O)(O)OP(=O)(O)OCC1OC(n2cnc3c(N)ncnc32)C(O)C1OP(=O)(O)O
id_596	Cc1ncc(C[n+]2csc(CCO)c2C)c(=N)[nH]1
id_597	Cc1ncc(C[n+]2csc(CCOP(=O)(O)O)c2C)c(=N)[nH]1
id_598	Cc1ncc(C[n+]2csc(CCOP(=O)(O)OP(=O)(O)O)c2C)c(=N)[nH]1
id_599	Cc1cn(C2CC(O)C(CO)O2)c(=O)nc1O
id_600	Cc1cnc(O)nc1O
id_601	CCCCCCCC=CC(=O)SCCN=C(O)CCN=C(O)C(O)C(C)(C)COP(=O)(O)OP(=O)(O)OCC1OC(n2cnc3c(N)ncnc32)C(O)C1OP(=O)(O)O
id_602	CCCCCCCCCC=CC(=O)SCCN=C(O)CCN=C(O)C(O)C(C)(C)COP(=O)(O)OP(=O)(O)OCC1OC(n2cnc3c(N)ncnc32)C(O)C1OP(=O)(O)O
id_603	CCCC=CC(=O)SCCN=C(O)CCN=C(O)C(O)C(C)(C)COP(=O)(O)OP(=O)(O)OCC1OC(n2cnc3c(N)ncnc32)C(O)C1OP(=O)(O)O
id_604	CCCCCCCCCCCCCC=CC(=O)SCCN=C(O)CCN=C(O)C(O)C(C)(C)COP(=O)(O)OP(=O)(O)OCC1OC(n2cnc3c(N)ncnc32)C(O)C1OP(=O)(O)O
id_605	CCCCCC=CC(=O)SCCN=C(O)CCN=C(O)C(O)C(C)(C)COP(=O)(O)OP(=O)(O)OCC1OC(n2cnc3c(N)ncnc32)C(O)C1OP(=O)(O)O
id_606	CCCCCCCCCCCCCCCC=CC(=O)SCCN=C(O)CCN=C(O)C(O)C(C)(C)COP(=O)(O)OP(=O)(O)OCC1OC(n2cnc3c(N)ncnc32)C(O)C1OP(=O)(O)O
id_607	CCCCCCCCCCCC=CC(=O)SCCN=C(O)CCN=C(O)C(O)C(C)(C)COP(=O)(O)OP(=O)(O)OCC1OC(n2cnc3c(N)ncnc32)C(O)C1OP(=O)(O)O
id_608	OCC1OC(OC2OC(CO)C(O)C(O)C2O)C(O)C(O)C1O
id_609	O=c1nc(O)ccn1C1OC(COP(=O)(O)OP(=O)(O)O)C(O)C1O
id_610	CCCCCCCCCCCC(O)CC(=O)OC1C(O)C(CO)OC(OP(=O)(O)OP(=O)(O)OCC2OC(n3ccc(O)nc3=O)C(O)C2O)C1N=C(O)CC(O)CCCCCCCCCCC
id_611	CCCCCCCCCCCC(O)CC(=O)OC1C(N)C(OP(=O)(O)OP(=O)(O)OCC2OC(n3ccc(O)nc3=O)C(O)C2O)OC(CO)C1O
id_612	CCCCCCCCCCCC(O)CC(=O)OC1C(O)C(CO)OC(OP(=O)(O)OP(=O)(O)OCC2OC(n3ccc(O)nc3=O)C(O)C2O)C1N=C(C)O
id_613	O=C1COC(OP(=O)(O)OP(=O)(O)OCC2OC(n3ccc(O)nc3=O)C(O)C2O)C(O)C1O
id_614	O=C(O)C1OC(OP(=O)(O)OP(=O)(O)OCC2OC(n3ccc(O)nc3=O)C(O)C2O)C(O)C(O)C1O
id_615	C=C(OC1C(O)C(CO)OC(OP(=O)(O)OP(=O)(O)OCC2OC(n3ccc(O)nc3=O)C(O)C2O)C1N=C(C)O)C(=O)O
id_616	CC(O)=NC1C(OP(=O)(O)OP(=O)(O)OCC2OC(n3ccc(O)nc3=O)C(O)C2O)OC(CO)C(O)C1O
id_617	CC(O)=NC1C(OP(=O)(O)OP(=O)(O)OCC2OC(n3ccc(O)nc3=O)C(O)C2O)OC(C(=O)O)C(O)C1O
id_618	CC(O)=NC1C(OP(=O)(O)OP(=O)(O)OCC2OC(n3ccc(O)nc3=O)C(O)C2O)OC(CO)C(O)C1OC(C)C(=O)O
id_619	CC(O)=NC1C(OP(=O)(O)OP(=O)(O)OCC2OC(n3ccc(O)nc3=O)C(O)C2O)OC(CO)C(O)C1OC(C)C(O)=NC(C)C(=O)O
id_620	CC(O)=NC1C(OP(=O)(O)OP(=O)(O)OCC2OC(n3ccc(O)nc3=O)C(O)C2O)OC(CO)C(O)C1OC(C)C(O)=NC(C)C(O)=NC(CCC(O)=NC(CCCC(N)C(=O)O)C(=O)O)C(=O)O
id_621	CC(O)=NC1C(OP(=O)(O)OP(=O)(O)OCC2OC(n3ccc(O)nc3=O)C(O)C2O)OC(CO)C(O)C1OC(C)C(O)=NC(C)C(O)=NC(CCC(=O)O)C(=O)O
id_622	CC(O)=NC1C(OP(=O)(O)OP(=O)(O)OCC2OC(n3ccc(O)nc3=O)C(O)C2O)OC(CO)C(O)C1OC(C)C(O)=NC(C)C(O)=NC(CCC(O)=NC(CCCC(N)C(=O)O)C(O)=NC(C)C(O)=NC(C)C(=O)O)C(=O)O
id_623	O=c1nc(O)ccn1C1OC(COP(=O)(O)OP(=O)(O)OC2OC(CO)C(O)C(O)C2O)C(O)C1O
id_624	O=c1nc(O)ccn1C1OC(COP(=O)(O)O)C(O)C1O
id_625	O=c1nc(O)ccn1C1OC(COP(=O)(O)OP(=O)(O)OP(=O)(O)O)C(O)C1O
id_626	COc1c(O)c(C)c(CC=C(C)CCC=C(C)CCC=C(C)CCC=C(C)CCC=C(C)CCC=C(C)CCC=C(C)CCC=C(C)C)c(O)c1OC
id_627	COC1=C(OC)C(=O)C(CC=C(C)CCC=C(C)CCC=C(C)CCC=C(C)CCC=C(C)CCC=C(C)CCC=C(C)CCC=C(C)C)=C(C)C1=O
id_628	CC(C)=CCCC(C)=CCCC(C)=CCCC(C)=CCCC(C)=CCCC(C)=CCCC(C)=CCCC(C)=CCCC(C)=CCCC(C)=CCCC(C)=CCOP(=O)(O)OP(=O)(O)O
id_629	CC(C)=CCCC(C)=CCCC(C)=CCCC(C)=CCCC(C)=CCCC(C)=CCCC(C)=CCCC(C)=CCCC(C)=CCCC(C)=CCCC(C)=CCOP(=O)(O)OP(=O)(O)OC1OC(CO)C(O)C(O)C1N=C(C)O
id_630	CC(C)=CCCC(C)=CCCC(C)=CCCC(C)=CCCC(C)=CCCC(C)=CCCC(C)=CCCC(C)=CCCC(C)=CCCC(C)=CCCC(C)=CCOP(=O)(O)O
id_631	CC(C)=CCCC(C)=CCCC(C)=CCCC(C)=CCCC(C)=CCCC(C)=CCCC(C)=CCCC(C)=CCCC(C)=CCCC(C)=CCCC(C)=CCOP(=O)(O)OC1OCC(N)(C=O)C(O)C1O
id_632	CC(C)=CCCC(C)=CCCC(C)=CCCC(C)=CCCC(C)=CCCC(C)=CCCC(C)=CCCC(C)=CCCC(C)=CCCC(C)=CCCC(C)=CCOP(=O)(O)OP(=O)(O)OC1OC(CO)C(OC2OC(C(=O)O)C(OC3OC(C)C(N=C(C)O)C(O)C3O)C(O)C2N=C(C)O)C(O)C1N=C(C)O
id_633	CC(C)=CCCC(C)=CCCC(C)=CCCC(C)=CCCC(C)=CCCC(C)=CCCC(C)=CCCC(C)=CCCC(C)=CCCC(C)=CCCC(C)=CCOP(=O)(O)OP(=O)(O)OC1OC(CO)C(OC2OC(C(=O)O)C(O)C(O)C2N=C(C)O)C(O)C1N=C(C)O
id_634	CC(C)=CCCC(C)=CCCC(C)=CCCC(C)=CCCC(C)=CCCC(C)=CCCC(C)=CCCC(C)=CCCC(C)=CCCC(C)=CCCC(C)=CCOP(=O)(O)OP(=O)(O)OC1OC(CO)C(OC2OC(CO)C(O)C(O)C2N=C(C)O)C(OC(C)C(O)=NC(C)C(O)=NC(CCC(O)=NC(CCCC(N)C(=O)O)C(O)=NC(C)C(O)=NC(C)C(=O)O)C(=O)O)C1N=C(C)O
id_635	CC(C)=CCCC(C)=CCCC(C)=CCCC(C)=CCCC(C)=CCCC(C)=CCCC(C)=CCCC(C)=CCCC(C)=CCCC(C)=CCCC(C)=CCOP(=O)(O)OP(=O)(O)OC1OC(CO)C(O)C(OC(C)C(O)=NC(C)C(O)=NC(CCC(O)=NC(CCCC(N)C(=O)O)C(O)=NC(C)C(O)=NC(C)C(=O)O)C(=O)O)C1N=C(C)O
id_636	Oc1ccnc(O)n1
id_637	Oc1nc(O)c2nc(O)[nH]c2n1
id_638	N=C(N)O
id_639	N=C(O)NC=CC(=O)OO
id_640	O=c1nc(O)ccn1C1OC(CO)C(O)C1O
id_641	NC1COC(OP(=O)(O)OP(=O)(O)OCC2OC(n3ccc(O)nc3=O)C(O)C2O)C(O)C1O
id_642	O=c1nc(O)ccn1C1OC(COP(=O)(O)OP(=O)(O)OC2OCC(N=CO)C(O)C2O)C(O)C1O
id_643	O=C(O)CCc1c2[nH]c(c1CC(=O)O)Cc1[nH]c(c(CC(=O)O)c1CCC(=O)O)Cc1[nH]c(c(CC(=O)O)c1CCC(=O)O)Cc1[nH]c(c(CCC(=O)O)c1CC(=O)O)C2
id_644	O=P(O)(O)OP(=O)(O)OP(=O)(O)OCC1OC(n2cnc3c(O)nc(O)nc32)C(O)C1O
id_645	Oc1nc(O)c2nc[nH]c2n1
id_646	OCC1OC(n2cnc3c(O)nc(O)nc32)C(O)C1O
id_647	O=P(O)(O)OCC1OC(n2cnc3c(O)nc(O)nc32)C(O)C1O
